12/15/2002,329665040,Bought 60 C @ 36.35,60,C,36.35,10.99,-2191.99,---,,
12/16/2002,489237740,PAPER CONFIRMATION FEE,,,,,-2,---,,
12/30/2002,499669724,FREE BALANCE INTEREST ADJUSTMENT,,,,,0.59,---,,
1/16/2003,391172687,FREE BALANCE INTEREST ADJUSTMENT,,,,,0.13,---,,
2/17/2003,390934986,FREE BALANCE INTEREST ADJUSTMENT,,,,,0.26,---,,
2/27/2003,392270276,ORDINARY DIVIDEND,,,,,12,---,,
3/16/2003,531217003,MISCELLANEOUS JOURNAL ENTRY,,,,,-3186.24,---,,
3/16/2003,532990099,FREE BALANCE INTEREST ADJUSTMENT,,,,,0.24,---,,
3/16/2003,534124982,MISCELLANEOUS JOURNAL ENTRY,,,,,-0.24,---,,
3/17/2003,1111352111,CASH MOVEMENT OF INCOMING ACCOUNT TRANSFER,,,,,3186.24,---,,
3/18/2003,1123705007,CASH MOVEMENT OF INCOMING ACCOUNT TRANSFER,,,,,0.24,---,,
3/31/2003,1132463370,FREE BALANCE INTEREST ADJUSTMENT,,,,,0.12,---,,
4/8/2003,1138266849,DISBURSEMENT (ACD REQUEST),,,,,-3186.6,---,,
4/23/2003,1146007780,PERSONAL CHECK RECEIPT,,,,,228,---,,
4/28/2003,1148847885,FREE BALANCE INTEREST ADJUSTMENT,,,,,0.09,---,,
5/23/2003,1167766358,ORDINARY DIVIDEND (C),,C,,,12,---,,
8/22/2003,1247150730,ORDINARY DIVIDEND (C),,C,,,21,---,,
11/26/2003,1339407844,ORDINARY DIVIDEND (C),,C,,,21,---,,
2/13/2004,1441845719,Sold 60 C @ 49.6,60,C,49.6,10.99,2962.87,---,0.14,
2/27/2004,1454154542,ORDINARY DIVIDEND (C),,C,,,24,---,,
5/9/2005,1888834977,DISBURSEMENT (ACD REQUEST),,,,,-200,---,,
10/31/2005,2056462340,PERSONAL CHECK RECEIPT,,,,,1000,---,,
1/27/2006,2161341118,CASH RECEIPTS THIRD PARTY,,,,,2800,---,,
1/30/2006,2162374162,FREE BALANCE INTEREST ADJUSTMENT,,,,,0.01,---,,
2/27/2006,2194349597,FREE BALANCE INTEREST ADJUSTMENT,,,,,0.22,---,,
3/10/2006,2211187584,Bought 70 INTC @ 19.89,70,INTC,19.89,10.99,-1405.29,---,,
4/3/2006,2236416006,FREE BALANCE INTEREST ADJUSTMENT,,,,,0.15,---,,
4/18/2006,2254205538,Bought 48 BBW @ 29.73,48,BBW,29.73,10.99,-1440.03,---,,
6/1/2006,2306230963,QUALIFIED DIVIDEND (INTC),,INTC,,,7,---,,
9/1/2006,2397421246,QUALIFIED DIVIDEND (INTC),,INTC,,,7,---,,
10/12/2006,2451028743,Sold 48 BBW @ 25.0324,48,BBW,25.0324,9.99,1189.53,---,0.04,
10/31/2006,2475980115,Bought 6 GS @ 189.2901,6,GS,189.2901,9.99,-1147.73,---,,
11/28/2006,2511254336,DISBURSEMENT (ACD REQUEST),,,,,-500,---,,
11/28/2006,2511707800,OFF-CYCLE INTEREST (MMDA1),,MMDA1,,,0.01,---,,
12/1/2006,2518024585,QUALIFIED DIVIDEND (INTC),,INTC,,,7,---,,
1/2/2007,2564696932,MARGIN INTEREST ADJUSTMENT,,,,,-0.37,---,,
1/29/2007,2606282467,OVERNIGHT FEE,,,,,-15,---,,
1/29/2007,2606282562,DISBURSEMENT (ACD REQUEST),,,,,-500,---,,
2/22/2007,2638952901,QUALIFIED DIVIDEND (GS),,GS,,,2.1,---,,
2/23/2007,2641349656,Sold 70 INTC @ 20.8604,70,INTC,20.8604,9.99,1448.19,---,0.05,
2/23/2007,2641358747,DISBURSEMENT (ACD REQUEST),,,,,-1000,---,,
2/23/2007,2641798021,OFF-CYCLE INTEREST (MMDA1),,MMDA1,,,0.02,---,,
2/28/2007,2648267282,MARGIN INTEREST ADJUSTMENT,,,,,-1.02,---,,
3/1/2007,2651875248,QUALIFIED DIVIDEND (INTC),,INTC,,,7.88,---,,
5/24/2007,2832881467,QUALIFIED DIVIDEND (GS),,GS,,,2.1,---,,
8/30/2007,3088825248,QUALIFIED DIVIDEND (GS),,GS,,,2.1,---,,
9/21/2007,3151498089,Bought 30 HOG @ 48.27,30,HOG,48.27,9.99,-1460.09,---,,
10/11/2007,3211064176,QUALIFIED DIVIDEND (HOG),,HOG,,,9,---,,
10/11/2007,3213617457,PERSONAL CHECK RECEIPT,,,,,900,---,,
10/15/2007,3220379809,Bought 40 RAIL @ 39.4794,40,RAIL,39.4794,9.99,-1591.17,---,,
10/29/2007,3253785709,PERSONAL CHECK RECEIPT,,,,,1800,---,,
10/29/2007,3253875322,Bought 275 AWX @ 7.4388,275,AWX,7.4388,9.99,-2057.66,---,,
11/9/2007,3302485846,CASH RECEIPTS THIRD PARTY,,,,,2000,---,,
11/12/2007,3304924055,Bought 50 FRO @ 39.9894,50,FRO,39.9894,9.99,-2011.46,---,,
11/26/2007,3334667369,QUALIFIED DIVIDEND (GS),,GS,,,2.1,---,,
11/30/2007,3365670205,QUALIFIED DIVIDEND (RAIL),,RAIL,,,2.4,---,,
11/30/2007,3374957671,FREE BALANCE INTEREST ADJUSTMENT,,,,,0.01,---,,
12/3/2007,3380812568,Bought 100 MYE @ 20.2499,100,MYE,20.2499,9.99,-2036.98,---,,
12/12/2007,3411060457,QUALIFIED DIVIDEND (FRO),,FRO,,,75,---,,
12/17/2007,3429572214,CASH RECEIPTS THIRD PARTY,,,,,10500,---,,
12/18/2007,3439039661,Bought 175 MPEL @ 12.3099,175,MPEL,12.3099,9.99,-2166.22,---,,
12/19/2007,3443757217,Bought 225 NRF @ 8.94,225,NRF,8.94,9.99,-2023.49,---,,
12/28/2007,3488620159,QUALIFIED DIVIDEND (HOG),,HOG,,,9,---,,
12/31/2007,3513693386,MARGIN INTEREST ADJUSTMENT,,,,,-6.35,---,,
12/31/2007,3513693404,FREE BALANCE INTEREST ADJUSTMENT,,,,,0.01,---,,
1/2/2008,3515575444,QUALIFIED DIVIDEND (MYE),,MYE,,,34,---,,
2/15/2008,3659026794,ORDINARY DIVIDEND (NRF),,NRF,,,81,---,,
2/28/2008,3684225352,QUALIFIED DIVIDEND (GS),,GS,,,2.1,---,,
2/29/2008,3686855060,QUALIFIED DIVIDEND (RAIL),,RAIL,,,2.4,---,,
2/29/2008,3689558546,Bought 20 NTDOY @ 62.7,20,NTDOY,62.7,9.99,-1265.99,---,,
3/10/2008,3719375545,Bought 85 ELP @ 16.0694,85,ELP,16.0694,9.99,-1377.89,---,,
3/10/2008,3719377425,Bought 95 BWLD @ 20.77,95,BWLD,20.77,9.99,-1985.14,---,,
3/10/2008,3719867454,QUALIFIED DIVIDEND (FRO),,FRO,,,100,---,,
3/14/2008,3734849358,ADR FEES (MPEL),,MPEL,,,-3.5,---,,
3/17/2008,3738926885,Bought 115 CMLS @ 6.2199,115,CMLS,6.2199,9.99,-727.28,---,,
3/18/2008,3740804484,QUALIFIED DIVIDEND (HOG),,HOG,,,9,---,,
3/20/2008,3748942593,PERSONAL CHECK RECEIPT,,,,,4500,---,,
3/28/2008,3767380927,QUALIFIED DIVIDEND (FRO),,FRO,,,17,---,,
3/31/2008,3780401707,MARGIN INTEREST ADJUSTMENT,,,,,-6.23,---,,
4/4/2008,3795294609,QUALIFIED DIVIDEND (MYE),,MYE,,,6,---,,
4/11/2008,3811993578,Bought 26 CL @ 78.29,26,CL,78.29,9.99,-2047.53,---,,
4/16/2008,3820340479,OFF-CYCLE INTEREST (MMDA1),,MMDA1,,,0.03,---,,
4/18/2008,3826890175,PERSONAL CHECK RECEIPT,,,,,7500,---,,
4/18/2008,3827684329,Bought 30 NKE @ 67.7994,30,NKE,67.7994,9.99,-2045.97,---,,
4/18/2008,3827685411,Bought 46 GSK @ 43.3894,46,GSK,43.3894,9.99,-2007.9,---,,
4/28/2008,3845106141,Bought 40 WDC @ 29.0094,40,WDC,29.0094,9.99,-1172.37,---,,
4/30/2008,3859202932,MARGIN INTEREST ADJUSTMENT,,,,,-0.37,---,,
4/30/2008,3859202956,FREE BALANCE INTEREST ADJUSTMENT,,,,,0.03,---,,
5/15/2008,3891756144,ORDINARY DIVIDEND (NRF),,NRF,,,81,---,,
5/15/2008,3891706816,QUALIFIED DIVIDEND (CL),,CL,,,10.4,---,,
5/29/2008,3919026815,QUALIFIED DIVIDEND (GS),,GS,,,2.1,---,,
5/29/2008,3920133275,QUALIFIED DIVIDEND (ELP),,ELP,,,13.39,---,,
5/29/2008,3920131499,QUALIFIED DIVIDEND (ELP),,ELP,,,39.53,---,,
5/29/2008,3920131500,FOREIGN TAX WITHHELD (ELP),,ELP,,,-5.93,---,,
5/30/2008,3921637537,QUALIFIED DIVIDEND (RAIL),,RAIL,,,2.4,---,,
6/20/2008,3981487118,QUALIFIED DIVIDEND (HOG),,HOG,,,9.9,---,,
6/25/2008,3992282566,QUALIFIED DIVIDEND (FRO),,FRO,,,137.5,---,,
7/1/2008,4014068839,QUALIFIED DIVIDEND (NKE),,NKE,,,6.9,---,,
7/3/2008,4025713015,QUALIFIED DIVIDEND (MYE),,MYE,,,6,---,,
7/10/2008,4041009738,QUALIFIED DIVIDEND (GSK),,GSK,,,23.85,---,,
7/22/2008,4065641248,QUALIFIED DIVIDEND (NTDOY),,NTDOY,,,25.82,---,,
7/22/2008,4065641250,FOREIGN TAX WITHHELD (NTDOY),,NTDOY,,,-1.81,---,,
8/15/2008,4125329672,QUALIFIED DIVIDEND (CL),,CL,,,10.4,---,,
8/15/2008,4125377598,ORDINARY DIVIDEND (NRF),,NRF,,,81,---,,
8/28/2008,4152279177,QUALIFIED DIVIDEND (GS),,GS,,,2.1,---,,
8/29/2008,4154683718,QUALIFIED DIVIDEND (RAIL),,RAIL,,,2.4,---,,
9/19/2008,4219471273,QUALIFIED DIVIDEND (FRO),,FRO,,,150,---,,
10/1/2008,4258169077,QUALIFIED DIVIDEND (NKE),,NKE,,,6.9,---,,
10/3/2008,4270424668,QUALIFIED DIVIDEND (MYE),,MYE,,,6,---,,
10/3/2008,4272270943,Sold 95 BWLD @ 39.0506,95,BWLD,39.0506,9.99,3697.79,---,0.03,
10/9/2008,4287614358,QUALIFIED DIVIDEND (GSK),,GSK,,,23.88,---,,
10/10/2008,4289754090,QUALIFIED DIVIDEND (HOG),,HOG,,,9.9,---,,
10/24/2008,4330792205,Bought 93 CSCO @ 16.1294,93,CSCO,16.1294,9.99,-1512.02,---,,
11/14/2008,4390802698,ORDINARY DIVIDEND (NRF),,NRF,,,81,---,,
11/14/2008,4390785647,QUALIFIED DIVIDEND (CL),,CL,,,10.4,---,,
11/14/2008,4392687685,Bought 59 TGT @ 34.239,59,TGT,34.239,9.99,-2032.09,---,,
11/14/2008,4392690144,Sold 225 NRF @ 3.6001,225,NRF,3.6001,9.99,798.02,---,0.01,
11/21/2008,4409172679,Bought 300 PCCC @ 3.2399,300,PCCC,3.2399,9.99,-983.96,---,,
11/21/2008,4409172686,Bought 100 PCCC @ 3.2394,100,PCCC,3.2394,0,-323.94,---,,
11/24/2008,4411360338,QUALIFIED DIVIDEND (GS),,GS,,,2.1,---,,
11/28/2008,4422206613,QUALIFIED DIVIDEND (RAIL),,RAIL,,,2.4,---,,
12/5/2008,4453208831,Bought 14 CEG @ 26.9394,14,CEG,26.9394,9.99,-389.14,---,,
12/10/2008,4462119387,QUALIFIED DIVIDEND (TGT),,TGT,,,9.44,---,,
12/10/2008,4463130277,OFF-CYCLE INTEREST (MMDA1),,MMDA1,,,0.01,---,,
12/22/2008,4511618345,QUALIFIED DIVIDEND (NTDOY),,NTDOY,,,16.82,---,,
12/22/2008,4511618346,FOREIGN TAX WITHHELD (NTDOY),,NTDOY,,,-1.18,---,,
12/22/2008,4511509657,QUALIFIED DIVIDEND (FRO),,FRO,,,25,---,,
12/30/2008,4530199318,QUALIFIED DIVIDEND (HOG),,HOG,,,9.9,---,,
12/31/2008,4547752866,MARGIN INTEREST ADJUSTMENT,,,,,-13.64,---,,
1/2/2009,4549096910,QUALIFIED DIVIDEND (MYE),,MYE,,,6,---,,
1/2/2009,4549176038,QUALIFIED DIVIDEND (CEG),,CEG,,,6.69,---,,
1/5/2009,4556965108,QUALIFIED DIVIDEND (NKE),,NKE,,,7.5,---,,
1/8/2009,4570877076,QUALIFIED DIVIDEND (GSK),,GSK,,,21.84,---,,
1/30/2009,4647810622,MARGIN INTEREST ADJUSTMENT,,,,,-18.81,---,,
2/13/2009,4682659436,QUALIFIED DIVIDEND (CL),,CL,,,10.4,---,,
2/27/2009,4712996230,QUALIFIED DIVIDEND (RAIL),,RAIL,,,2.4,---,,
2/27/2009,4716034984,Sold 46 GSK @ 30.2606,46,GSK,30.2606,9.99,1381.99,---,0.01,
2/27/2009,4722601085,MARGIN INTEREST ADJUSTMENT,,,,,-18.1,---,,
3/6/2009,4743258503,Sold 115 CMLS @ 1.0401,115,CMLS,1.0401,9.99,109.61,---,0.01,
3/9/2009,4745217500,CASH RECEIPTS THIRD PARTY,,,,,3000,---,,
3/10/2009,4747369845,QUALIFIED DIVIDEND (TGT),,TGT,,,9.44,---,,
3/16/2009,4766426587,Sold 30 HOG @ 11.5406,30,HOG,11.5406,9.99,336.22,---,0.01,
3/16/2009,4766430677,Sold 50 FRO @ 17.54,50,FRO,17.54,9.99,867,---,0.01,
3/16/2009,4766433739,Bought 113 ZINC @ 4.9894,113,ZINC,4.9894,9.99,-573.79,---,,
3/19/2009,4774824529,QUALIFIED DIVIDEND (HOG),,HOG,,,3,---,,
3/26/2009,4792030744,QUALIFIED DIVIDEND (GS),,GS,,,2.8,---,,
3/27/2009,4798715910,QUALIFIED DIVIDEND (FRO),,FRO,,,12.5,---,,
3/31/2009,4815845472,MARGIN INTEREST ADJUSTMENT,,,,,-3.97,---,,
4/1/2009,4817514220,QUALIFIED DIVIDEND (NKE),,NKE,,,7.5,---,,
4/1/2009,4817885607,QUALIFIED DIVIDEND (CEG),,CEG,,,3.36,---,,
4/3/2009,4828376268,QUALIFIED DIVIDEND (MYE),,MYE,,,6,---,,
4/3/2009,4829863865,Sold 100 MYE @ 6.9701,100,MYE,6.9701,9.99,687.01,---,0.01,
4/9/2009,4843062313,QUALIFIED DIVIDEND (GSK),,GSK,,,22.75,---,,
4/13/2009,4846559507,Bought 86 GHM @ 11.6694,86,GHM,11.6694,9.99,-1013.56,---,,
4/13/2009,4846568161,Sold 175 MPEL @ 4.8106,175,MPEL,4.8106,9.99,831.84,---,0.03,
4/24/2009,4879713601,Bought 32 PBR @ 33.07,32,PBR,33.07,9.99,-1068.23,---,,
5/1/2009,4906510091,Sold 113 ZINC @ 7.4,113,ZINC,7.4,9.99,826.18,---,0.03,
5/7/2009,4922178063,QUALIFIED DIVIDEND (VALE),,VALE,,,14.61,---,,
5/14/2009,4939213384,DISBURSEMENT (ACD REQUEST),,,,,-1500,---,,
5/15/2009,4941385558,QUALIFIED DIVIDEND (CL),,CL,,,11.44,---,,
5/29/2009,4970885366,QUALIFIED DIVIDEND (RAIL),,RAIL,,,2.4,---,,
6/2/2009,4991112922,Sold 400 PCCC @ 5.58,400,PCCC,5.58,9.99,2221.95,---,0.06,
6/2/2009,4991291089,Sold 86 GHM @ 13,86,GHM,13,9.99,1107.98,---,0.03,
6/9/2009,5016836271,QUALIFIED DIVIDEND (ELP),,ELP,,,37.27,---,,
6/9/2009,5016836272,FOREIGN TAX WITHHELD (ELP),,ELP,,,-5.59,---,,
6/10/2009,5017989652,QUALIFIED DIVIDEND (TGT),,TGT,,,9.44,---,,
6/10/2009,5020780141,QUALIFIED DIVIDEND (ELP),,ELP,,,5.53,---,,
6/24/2009,5055432643,QUALIFIED DIVIDEND (ELP),,ELP,,,35.27,---,,
6/24/2009,5055432644,FOREIGN TAX WITHHELD (ELP),,ELP,,,-5.29,---,,
6/24/2009,5055436398,QUALIFIED DIVIDEND (ELP),,ELP,,,-37.27,---,,
6/24/2009,5055436399,FOREIGN TAX WITHHELD (ELP),,ELP,,,5.59,---,,
6/25/2009,5057096611,QUALIFIED DIVIDEND (GS),,GS,,,2.1,---,,
7/1/2009,5081166127,QUALIFIED DIVIDEND (CEG),,CEG,,,3.36,---,,
7/1/2009,5081130189,QUALIFIED DIVIDEND (NKE),,NKE,,,7.5,---,,
7/20/2009,5125959663,QUALIFIED DIVIDEND (NTDOY),,NTDOY,,,19.71,---,,
7/20/2009,5125959664,FOREIGN TAX WITHHELD (NTDOY),,NTDOY,,,-1.38,---,,
7/31/2009,5161468581,OFF-CYCLE INTEREST (MMDA1),,MMDA1,,,0.02,---,,
8/14/2009,5197592444,QUALIFIED DIVIDEND (CL),,CL,,,11.44,---,,
8/31/2009,5233455733,QUALIFIED DIVIDEND (RAIL),,RAIL,,,2.4,---,,
9/10/2009,5270286302,QUALIFIED DIVIDEND (TGT),,TGT,,,10.03,---,,
9/24/2009,5308383014,QUALIFIED DIVIDEND (GS),,GS,,,2.1,---,,
9/25/2009,5314333936,Sold 59 TGT @ 47.1003,59,TGT,47.1003,9.99,2768.85,---,0.08,
10/1/2009,5338502584,QUALIFIED DIVIDEND (NKE),,NKE,,,7.5,---,,
10/1/2009,5338553607,QUALIFIED DIVIDEND (CEG),,CEG,,,3.36,---,,
11/4/2009,5440129973,Sold Short 34 HOT @ 29.46,34,HOT,29.46,9.99,991.62,---,0.03,
11/6/2009,5446837242,Sold 32 PBR @ 49.05,32,PBR,49.05,9.99,1559.56,---,0.05,
11/10/2009,5450145999,MARK TO THE MARKET,,,,,-134.8,---,,
11/10/2009,5450146000,MARK TO THE MARKET,,,,,134.8,---,,
11/13/2009,5458065988,QUALIFIED DIVIDEND (CL),,CL,,,11.44,---,,
11/20/2009,5475691523,Bought 38 AGG @ 105.0995,38,AGG,105.0995,9.99,-4003.77,---,,
11/30/2009,5488734958,QUALIFIED DIVIDEND (RAIL),,RAIL,,,2.4,---,,
12/7/2009,5516400450,ORDINARY DIVIDEND (AGG),,AGG,,,13.4,---,,
12/7/2009,5518839900,QUALIFIED DIVIDEND (PBR),,PBR,,,10.93,---,,
12/7/2009,5518839901,FOREIGN TAX WITHHELD (PBR),,PBR,,,-1.64,---,,
12/16/2009,5543363991,MARK TO THE MARKET,,,,,-110.16,---,,
12/16/2009,5543363992,MARK TO THE MARKET,,,,,110.16,---,,
12/16/2009,5546777744,QUALIFIED DIVIDEND (NTDOY),,NTDOY,,,7.22,---,,
12/16/2009,5546777745,FOREIGN TAX WITHHELD (NTDOY),,NTDOY,,,-0.51,---,,
12/17/2009,5550412059,QUALIFIED DIVIDEND (ELP),,ELP,,,30.24,---,,
12/17/2009,5550412060,FOREIGN TAX WITHHELD (ELP),,ELP,,,-4.54,---,,
12/29/2009,5588107296,QUALIFIED DIVIDEND (PBR),,PBR,,,7.17,---,,
12/29/2009,5588107297,FOREIGN TAX WITHHELD (PBR),,PBR,,,-1.08,---,,
12/30/2009,5589672000,QUALIFIED DIVIDEND (GS),,GS,,,2.1,---,,
1/4/2010,5620981062,QUALIFIED DIVIDEND (CEG),,CEG,,,3.36,---,,
1/4/2010,5621143575,QUALIFIED DIVIDEND (NKE),,NKE,,,8.1,---,,
1/4/2010,5627955806,DIVIDEND SHORT SALE (HOT),,HOT,,,-6.8,---,,
1/5/2010,5631135593,ORDINARY DIVIDEND (AGG),,AGG,,,11.46,---,,
1/15/2010,5660113559,MARK TO THE MARKET,,,,,-113.9,---,,
1/15/2010,5660113560,MARK TO THE MARKET,,,,,113.9,---,,
1/25/2010,5678529549,MARK TO THE MARKET,,,,,121.38,---,,
1/25/2010,5678529548,MARK TO THE MARKET,,,,,-121.38,---,,
2/5/2010,5732171053,ORDINARY DIVIDEND (AGG),,AGG,,,12.43,---,,
2/16/2010,5774968644,QUALIFIED DIVIDEND (CL),,CL,,,11.44,---,,
2/23/2010,5792859310,Sold 26 CL @ 82.0006,26,CL,82.0006,9.99,2122,---,0.03,
2/23/2010,5792861098,Sold 40 RAIL @ 20.83,40,RAIL,20.83,9.99,823.19,---,0.02,
3/1/2010,5809730987,QUALIFIED DIVIDEND (RAIL),,RAIL,,,2.4,---,,
3/3/2010,5822291666,Sold 30 NKE @ 67.6206,30,NKE,67.6206,9.99,2018.6,---,0.03,
3/5/2010,5826921307,ORDINARY DIVIDEND (AGG),,AGG,,,12.27,---,,
3/5/2010,5826109561,MARK TO THE MARKET,,,,,-124.44,---,,
3/5/2010,5826109562,MARK TO THE MARKET,,,,,124.44,---,,
3/8/2010,5831550803,Bought to Cover 34 HOT @ 41.15,34,HOT,41.15,9.99,-1409.09,---,,
3/12/2010,5845197057,MARK TO THE MARKET,,,,,-62.35,---,,
3/12/2010,5845197058,MARK TO THE MARKET,,,,,62.35,---,,
3/12/2010,5848167562,Bought 130 CPC @ 7.7599,130,CPC,7.7599,9.99,-1018.78,---,,
3/26/2010,5884114064,Sold 93 CSCO @ 26.4206,93,CSCO,26.4206,9.99,2447.09,---,0.04,
3/30/2010,5888852473,QUALIFIED DIVIDEND (GS),,GS,,,2.1,---,,
4/1/2010,5907431142,QUALIFIED DIVIDEND (CEG),,CEG,,,3.36,---,,
4/5/2010,5920527750,Sold Short 14 IOC @ 69.65,14,IOC,69.65,9.99,965.09,---,0.02,
4/8/2010,5929514738,ORDINARY DIVIDEND (AGG),,AGG,,,12.2,---,,
4/9/2010,5935107526,Bought 87 NLY @ 17.2394,87,NLY,17.2394,9.99,-1509.82,---,,
4/21/2010,5963697904,QUALIFIED DIVIDEND (CPC),,CPC,,,20.8,---,,
4/26/2010,5974455908,Sold 6 GS @ 152.7606,6,GS,152.7606,9.99,906.55,---,0.02,
5/6/2010,6013247530,MARK TO THE MARKET,,,,,100.59,---,,
5/6/2010,6013247529,MARK TO THE MARKET,,,,,-100.59,---,,
5/7/2010,6018280367,ORDINARY DIVIDEND (AGG),,AGG,,,11.84,---,,
5/20/2010,6050721593,MARK TO THE MARKET,,,,,147.42,---,,
5/20/2010,6050721592,MARK TO THE MARKET,,,,,-147.42,---,,
5/20/2010,6053051614,DISBURSEMENT (ACD REQUEST),,,,,-1600,---,,
6/7/2010,6098995266,ORDINARY DIVIDEND (AGG),,AGG,,,12.3,---,,
6/7/2010,6101315875,QUALIFIED DIVIDEND (ELP),,ELP,,,2.55,---,,
6/8/2010,6104213543,QUALIFIED DIVIDEND (ELP),,ELP,,,9.79,---,,
6/8/2010,6104213544,FOREIGN TAX WITHHELD (ELP),,ELP,,,-1.47,---,,
7/1/2010,6170057703,QUALIFIED DIVIDEND (CEG),,CEG,,,3.36,---,,
7/8/2010,6190488417,ORDINARY DIVIDEND (AGG),,AGG,,,11.95,---,,
7/15/2010,6209279742,QUALIFIED DIVIDEND (NTDOY),,NTDOY,,,18.09,---,,
7/15/2010,6209279743,FOREIGN TAX WITHHELD (NTDOY),,NTDOY,,,-1.27,---,,
7/29/2010,6238498148,ORDINARY DIVIDEND (NLY),,NLY,,,59.16,---,,
7/30/2010,6240616173,MARK TO THE MARKET,,,,,-133.14,---,,
7/30/2010,6240616174,MARK TO THE MARKET,,,,,133.14,---,,
8/5/2010,6266295736,MARK TO THE MARKET,,,,,-100.66,---,,
8/5/2010,6266295737,MARK TO THE MARKET,,,,,100.66,---,,
8/6/2010,6269815165,ORDINARY DIVIDEND (AGG),,AGG,,,11.15,---,,
8/25/2010,6306083610,MARK TO THE MARKET,,,,,156.52,---,,
8/25/2010,6306083609,MARK TO THE MARKET,,,,,-156.52,---,,
9/8/2010,6344729883,ORDINARY DIVIDEND (AGG),,AGG,,,11.34,---,,
9/13/2010,6357702778,Sold 275 AWX @ 2.85,275,AWX,2.85,9.99,773.74,---,0.02,
9/17/2010,6370838898,Sold 20 NTDOY @ 33.9,20,NTDOY,33.9,9.99,667.99,---,0.02,
9/30/2010,6401115648,QUALIFIED DIVIDEND (ELP),,ELP,,,16.12,---,,
9/30/2010,6401115649,FOREIGN TAX WITHHELD (ELP),,ELP,,,-2.42,---,,
10/1/2010,6410972904,QUALIFIED DIVIDEND (CEG),,CEG,,,3.36,---,,
10/7/2010,6431788811,ORDINARY DIVIDEND (AGG),,AGG,,,10.05,---,,
10/18/2010,6457515090,Sold 85 ELP @ 24.5906,85,ELP,24.5906,9.99,2080.17,---,0.04,
10/28/2010,6481408122,ORDINARY DIVIDEND (NLY),,NLY,,,59.16,---,,
11/2/2010,6502566947,MARK TO THE MARKET,,,,,-122.64,---,,
11/2/2010,6502566948,MARK TO THE MARKET,,,,,122.64,---,,
11/5/2010,6514120584,ORDINARY DIVIDEND (AGG),,AGG,,,10.47,---,,
11/8/2010,6519459602,Sold 130 CPC @ 7.15,130,CPC,7.15,9.99,919.49,---,0.02,
11/9/2010,6520318469,MARK TO THE MARKET,,,,,-103.88,---,,
11/9/2010,6520318470,MARK TO THE MARKET,,,,,103.88,---,,
11/22/2010,6552416845,Bought to Cover 14 IOC @ 79.14,14,IOC,79.14,9.99,-1117.95,---,,
11/23/2010,6555349490,Bought 43 AFG @ 30.84,43,AFG,30.84,9.99,-1336.11,---,,
11/23/2010,6555368092,Bought 51 SYNA @ 27.64,51,SYNA,27.64,9.99,-1419.63,---,,
11/29/2010,6561457037,MARK TO THE MARKET,,,,,5.69,---,,
11/29/2010,6561457036,MARK TO THE MARKET,,,,,-5.69,---,,
12/7/2010,6594199982,LONG TERM GAIN DISTRIBUTION (AGG),,AGG,,,2.25,---,,
12/7/2010,6594199983,SHORT TERM CAPITAL GAINS (AGG),,AGG,,,7.7,---,,
12/7/2010,6594218064,ORDINARY DIVIDEND (AGG),,AGG,,,11.05,---,,
1/3/2011,6683765983,QUALIFIED DIVIDEND (CEG),,CEG,,,3.36,---,,
1/4/2011,6693985383,ORDINARY DIVIDEND (AGG),,AGG,,,13.07,---,,
1/25/2011,6753988028,QUALIFIED DIVIDEND (AFG),,AFG,,,6.99,---,,
1/27/2011,6762693853,ORDINARY DIVIDEND (NLY),,NLY,,,55.68,---,,
2/7/2011,6826688210,ORDINARY DIVIDEND (AGG),,AGG,,,12.01,---,,
2/28/2011,6881856508,Bought 53 ARO @ 26.35,53,ARO,26.35,9.99,-1406.54,---,,
2/28/2011,6881878271,Bought 38 MRK @ 32.2,38,MRK,32.2,9.99,-1233.59,---,,
3/7/2011,6910758350,ORDINARY DIVIDEND (AGG),,AGG,,,10.83,---,,
3/11/2011,6930422684,Bought 230 BAMM @ 5.6499,230,BAMM,5.6499,9.99,-1309.47,---,,
3/28/2011,6971842420,Bought 25 PBR @ 40.5497,25,PBR,40.5497,9.99,-1023.73,---,,
3/29/2011,6975182808,Sold 40 WDC @ 36.9306,40,WDC,36.9306,9.99,1467.2,---,0.03,
4/1/2011,7049046888,QUALIFIED DIVIDEND (CEG),,CEG,,,3.36,---,,
4/1/2011,7054430770,Bought 9 TNH @ 117.06,9,TNH,117.06,9.99,-1063.53,---,,
4/7/2011,7071396950,ORDINARY DIVIDEND (AGG),,AGG,,,11.91,---,,
4/7/2011,7071631069,QUALIFIED DIVIDEND (MRK),,MRK,,,14.44,---,,
4/11/2011,7081017481,Sold 14 CEG @ 32.9204,14,CEG,32.9204,9.99,450.89,---,0.01,
4/11/2011,7081021413,Bought 26 RIO @ 74.6096,26,RIO,74.6096,9.99,-1949.84,---,,
4/18/2011,7097976941,Bought 88 BBY @ 28.43,88,BBY,28.43,9.99,-2511.83,---,,
4/19/2011,7100157915,QUALIFIED DIVIDEND (BAMM),,BAMM,,,11.5,---,,
4/25/2011,7111512309,QUALIFIED DIVIDEND (AFG),,AFG,,,6.99,---,,
4/25/2011,7114299480,Bought 34 PG @ 62.9498,34,PG,62.9498,9.99,-2150.28,---,,
4/25/2011,7114301038,Bought 6 DX @ 9.4195,6,DX,9.4195,9.99,-66.51,---,,
4/25/2011,7114301041,Bought 100 DX @ 9.4199,100,DX,9.4199,0,-941.99,---,,
4/25/2011,7114302066,Bought 22 UPL @ 47.1096,22,UPL,47.1096,9.99,-1046.4,---,,
4/25/2011,7114303582,Bought 7 AAPL @ 351.69,7,AAPL,351.69,9.99,-2471.82,---,,
4/27/2011,7119496162,ORDINARY DIVIDEND (NLY),,NLY,,,53.94,---,,
5/6/2011,7156425396,ORDINARY DIVIDEND (AGG),,AGG,,,12.01,---,,
5/10/2011,7167275763,Sold 38 MRK @ 36.59,38,MRK,36.59,9.99,1380.4,---,0.03,
5/12/2011,7172974037,Bought 300 LMAT @ 7.02,300,LMAT,7.02,9.99,-2115.99,---,,
5/16/2011,7178043663,QUALIFIED DIVIDEND (PG),,PG,,,17.85,---,,
5/27/2011,7205238615,PARTNERSHIP DISTRIBUTION (TNH),,TNH,,,43.56,---,,
5/31/2011,7209793353,Sold 230 BAMM @ 3.751,230,BAMM,3.751,9.99,852.72,---,0.02,
6/6/2011,7232284278,QUALIFIED DIVIDEND (LMAT),,LMAT,,,6,---,,
6/7/2011,7235827225,ORDINARY DIVIDEND (AGG),,AGG,,,11.88,---,,
6/7/2011,7238919386,QUALIFIED DIVIDEND (PBR),,PBR,,,6.31,---,,
6/7/2011,7238919387,FOREIGN TAX WITHHELD (PBR),,PBR,,,-0.95,---,,
7/5/2011,7321195346,Sold 43 AFG @ 35.84,43,AFG,35.84,9.99,1531.1,---,0.03,
7/5/2011,7321195725,Bought 150 CCX @ 27.8785,150,CCX,27.8785,9.99,-4191.77,---,,
7/5/2011,7322167722,QUALIFIED DIVIDEND (PBR),,PBR,,,3.75,---,,
7/6/2011,7326059277,QUALIFIED DIVIDEND (PBR),,PBR,,,0.2,---,,
7/6/2011,7326059278,FOREIGN TAX WITHHELD (PBR),,PBR,,,-0.05,---,,
7/8/2011,7330299562,ORDINARY DIVIDEND (AGG),,AGG,,,11.53,---,,
7/20/2011,7362244645,Bought 80 DANG @ 10.87,80,DANG,10.87,9.99,-879.59,---,,
7/25/2011,7372343559,Sold 9 TNH @ 154.664,9,TNH,154.664,9.99,1381.96,---,0.03,
7/26/2011,7374083135,QUALIFIED DIVIDEND (BBY),,BBY,,,13.2,---,,
7/28/2011,7381763396,ORDINARY DIVIDEND (NLY),,NLY,,,56.55,---,,
7/29/2011,7385295187,ORDINARY DIVIDEND (DX),,DX,,,28.62,---,,
8/5/2011,7416204016,ORDINARY DIVIDEND (AGG),,AGG,,,11.4,---,,
8/15/2011,7446257720,QUALIFIED DIVIDEND (PG),,PG,,,17.85,---,,
9/6/2011,7516410701,QUALIFIED DIVIDEND (LMAT),,LMAT,,,6,---,,
9/8/2011,7524539848,ORDINARY DIVIDEND (AGG),,AGG,,,8.82,---,,
9/8/2011,7528404349,QUALIFIED DIVIDEND (PBR),,PBR,,,6.28,---,,
9/8/2011,7528404350,FOREIGN TAX WITHHELD (PBR),,PBR,,,-0.94,---,,
9/9/2011,7533231196,QUALIFIED DIVIDEND (RIO),,RIO,,,13.92,---,,
10/7/2011,7631072597,ORDINARY DIVIDEND (AGG),,AGG,,,8.34,---,,
10/17/2011,7658573733,Bought 55 LYB @ 29.0097,55,LYB,29.0097,9.99,-1605.52,---,,
10/20/2011,7670245002,CLIENT REQUESTED ELECTRONIC FUNDING RECEIPT (FUNDS NOW),,,,,6000,---,,
10/21/2011,7672487843,Bought 118 NILSY @ 20.92,118,NILSY,20.92,9.99,-2478.55,---,,
10/21/2011,7672929495,Sold 51 SYNA @ 32.4406,51,SYNA,32.4406,9.99,1644.44,---,0.04,
10/24/2011,7676443747,Bought 21 COH @ 61.38,21,COH,61.38,9.99,-1298.97,---,,
10/25/2011,7678730779,QUALIFIED DIVIDEND (BBY),,BBY,,,14.08,---,,
10/27/2011,7689362825,ORDINARY DIVIDEND (NLY),,NLY,,,52.2,---,,
10/31/2011,7698620945,ORDINARY DIVIDEND (DX),,DX,,,28.62,---,,
11/3/2011,7725450512,Sold 118 @ 30.6,118,NILSY,30.6,,3610.8,---,,
11/7/2011,7730081898,ORDINARY DIVIDEND (AGG),,AGG,,,10.89,---,,
11/7/2011,7732115045,CLIENT REQUESTED ELECTRONIC FUNDING DISBURSEMENT (FUNDS NOW),,,,,-5000,---,,
11/8/2011,7735346727,Bought 330 OMEX @ 2.919,330,OMEX,2.919,9.99,-973.26,---,,
11/9/2011,7739273613,Sold 53 ARO @ 16.6902,53,ARO,16.6902,9.99,874.57,---,0.02,
11/15/2011,7750146051,QUALIFIED DIVIDEND (PG),,PG,,,17.85,---,,
11/29/2011,7785751097,Sold 80 DANG @ 4.4802,80,DANG,4.4802,9.99,348.42,---,0.01,
11/29/2011,7785751925,Sold 150 CCX @ 25.1435,150,CCX,25.1435,9.99,3761.46,---,0.08,
12/6/2011,7815469931,QUALIFIED DIVIDEND (LMAT),,LMAT,,,6,---,,
12/7/2011,7819537721,LONG TERM GAIN DISTRIBUTION (AGG),,AGG,,,3.18,---,,
12/7/2011,7819429987,ORDINARY DIVIDEND (AGG),,AGG,,,9.21,---,,
12/7/2011,7819665928,SHORT TERM CAPITAL GAINS (AGG),,AGG,,,9.57,---,,
12/7/2011,7822388273,QUALIFIED DIVIDEND (PBR),,PBR,,,5.47,---,,
12/7/2011,7822388274,FOREIGN TAX WITHHELD (PBR),,PBR,,,-0.82,---,,
12/16/2011,7857973626,QUALIFIED DIVIDEND (LYB),,LYB,,,261.25,---,,
12/16/2011,7857973627,FOREIGN TAX WITHHELD (LYB),,LYB,,,-39.19,---,,
1/3/2012,7913376007,QUALIFIED DIVIDEND (COH),,COH,,,4.73,---,,
1/4/2012,7924020259,ORDINARY DIVIDEND (AGG),,AGG,,,1.05,---,,
1/24/2012,8000949498,QUALIFIED DIVIDEND (BBY),,BBY,,,14.08,---,,
1/26/2012,8017378473,ORDINARY DIVIDEND (NLY),,NLY,,,49.59,---,,
1/31/2012,8055722908,ORDINARY DIVIDEND (DX),,DX,,,29.68,---,,
2/6/2012,8088415205,Bought 128 RGS @ 17.53,128,RGS,17.53,9.99,-2253.83,---,,
2/6/2012,8089578129,CLIENT REQUESTED ELECTRONIC FUNDING RECEIPT (FUNDS NOW),,,,,2253.83,---,,
2/7/2012,8090529089,ORDINARY DIVIDEND (AGG),,AGG,,,10.45,---,,
2/13/2012,8106911878,Sold 55 LYB @ 45.24,55,LYB,45.24,9.99,2478.16,---,0.05,
2/15/2012,8112929083,QUALIFIED DIVIDEND (PG),,PG,,,17.85,---,,
2/27/2012,8144622031,Bought 400 GRVY @ 2.77,400,GRVY,2.77,9.99,-1117.99,---,,
2/27/2012,8144989220,Sold 26 RIO @ 58.29,26,RIO,58.29,9.99,1505.52,---,0.03,
3/1/2012,8167632917,Bought 400 GRVY @ 2.26,400,GRVY,2.26,9.99,-913.99,---,,
3/5/2012,8176578133,Sold 25 PBR @ 30.54,25,PBR,30.54,9.99,753.49,---,0.02,
3/5/2012,8176632725,Sold 21 COH @ 76.5,21,COH,76.5,9.99,1596.48,---,0.03,
3/7/2012,8183036271,ORDINARY DIVIDEND (AGG),,AGG,,,10.51,---,,
3/7/2012,8186352972,QUALIFIED DIVIDEND (PBR),,PBR,,,4.93,---,,
3/7/2012,8186352973,FOREIGN TAX WITHHELD (PBR),,PBR,,,-0.75,---,,
3/14/2012,8207812094,Sold 22 UPL @ 23,22,UPL,23,9.99,496,---,0.01,
3/26/2012,8243563095,Bought 530 XIN @ 2.8098,530,XIN,2.8098,9.99,-1499.18,---,,
4/3/2012,8517031654,QUALIFIED DIVIDEND (LMAT),,LMAT,,,7.5,---,,
4/9/2012,8531283274,ORDINARY DIVIDEND (AGG),,AGG,,,9.24,---,,
4/16/2012,8557240154,Bought 83 TEVA @ 44,83,TEVA,44,9.99,-3661.99,---,,
4/17/2012,8562041543,Sold 70 BBY @ 22,70,BBY,22,9.99,1529.97,---,0.04,
4/26/2012,8585771552,ORDINARY DIVIDEND (NLY),,NLY,,,47.85,---,,
4/30/2012,8593869814,ORDINARY DIVIDEND (DX),,DX,,,29.68,---,,
5/1/2012,8610632406,Bought 756 OMEX @ 3.04,756,OMEX,3.04,9.99,-2308.23,---,,
5/1/2012,8610714154,Sold 18 BBY @ 22.5,18,BBY,22.5,9.99,395,---,0.01,
5/1/2012,8611771919,Bought 680 NOTEX @ 11.03,680,NOTEX,11.03,,-7500,---,,
5/2/2012,8614304980,INTRA-ACCOUNT TRANSFER,,,,,7500,---,,
5/2/2012,8614304979,INTRA-ACCOUNT TRANSFER,,,,,-7500,---,,
5/3/2012,8620703105,Bought 200 AXANF @ 1.5545,200,AXANF,1.5545,9.99,-320.89,---,,
5/4/2012,8623744199,Bought 300 AXANF @ 1.5595,300,AXANF,1.5595,9.99,-477.84,---,,
5/4/2012,8623744202,Bought 3000 AXANF @ 1.555,3000,AXANF,1.555,0,-4665,---,,
5/7/2012,8625312467,ORDINARY DIVIDEND (AGG),,AGG,,,8.76,---,,
5/7/2012,8628035857,Sold 34 PG @ 64.2,34,PG,64.2,9.99,2172.76,---,0.05,
5/10/2012,8636666852,QUALIFIED DIVIDEND (BBY),,BBY,,,14.08,---,,
5/14/2012,8645542118,Sold 680 NOTEX @ 11.14,680,NOTEX,11.14,,7524.81,---,,49.99
5/15/2012,8646532253,QUALIFIED DIVIDEND (PG),,PG,,,19.11,---,,
5/15/2012,8648009535,INTRA-ACCOUNT TRANSFER,,,,,-7524.81,---,,
5/15/2012,8648009536,INTRA-ACCOUNT TRANSFER,,,,,7524.81,---,,
5/15/2012,8650041773,QUALIFIED DIVIDEND (XIN),,XIN,,,19.88,---,,
5/23/2012,8671220285,QUALIFIED DIVIDEND (RGS),,RGS,,,7.68,---,,
5/25/2012,8681284237,NON-TAXABLE DIVIDENDS (NOTEX),,NOTEX,,,8.59,---,,
5/29/2012,8683734106,INTRA-ACCOUNT TRANSFER,,,,,-8.59,---,,
5/29/2012,8683734107,INTRA-ACCOUNT TRANSFER,,,,,8.59,---,,
5/29/2012,8685755412,CLIENT REQUESTED ELECTRONIC FUNDING RECEIPT (FUNDS NOW),,,,,4649.48,---,,
5/31/2012,8713232141,MARGIN INTEREST ADJUSTMENT,,,,,-10.1,---,,
6/4/2012,8723273968,QUALIFIED DIVIDEND (LMAT),,LMAT,,,7.5,---,,
6/4/2012,8727481155,QUALIFIED DIVIDEND (TEVA),,TEVA,,,21.69,---,,
6/4/2012,8727481156,FOREIGN TAX WITHHELD (TEVA),,TEVA,,,-5.42,---,,
6/7/2012,8736944103,ORDINARY DIVIDEND (AGG),,AGG,,,9.06,---,,
7/9/2012,8852306752,ORDINARY DIVIDEND (AGG),,AGG,,,8.48,---,,
7/26/2012,8901264493,ORDINARY DIVIDEND (NLY),,NLY,,,47.85,---,,
7/31/2012,8914597691,ORDINARY DIVIDEND (DX),,DX,,,30.74,---,,
8/7/2012,8946406164,ORDINARY DIVIDEND (AGG),,AGG,,,8.36,---,,
8/16/2012,8971703187,QUALIFIED DIVIDEND (AAPL),,AAPL,,,18.55,---,,
8/20/2012,8983372701,QUALIFIED DIVIDEND (XIN),,XIN,,,19.88,---,,
8/23/2012,8986872062,ADR FEES (GRVY),,GRVY,,,-16,---,,
9/4/2012,9022525901,QUALIFIED DIVIDEND (LMAT),,LMAT,,,7.5,---,,
9/4/2012,9028943171,QUALIFIED DIVIDEND (TEVA),,TEVA,,,20.58,---,,
9/4/2012,9028943172,FOREIGN TAX WITHHELD (TEVA),,TEVA,,,-3.29,---,,
9/10/2012,9044947331,ORDINARY DIVIDEND (AGG),,AGG,,,8.3,---,,
9/11/2012,9054351386,Bought 85 LVB @ 25.6999,85,LVB,25.6999,9.99,-2194.48,---,,
9/13/2012,9063924473,Sold 530 XIN @ 2.7208,530,XIN,2.7208,9.99,1431.99,---,0.04,
9/13/2012,9063927646,Sold 1086 OMEX @ 3.6408,1086,OMEX,3.6408,9.99,3943.83,---,0.09,
9/13/2012,9063923784,Sold 800 GRVY @ 1.3108,800,GRVY,1.3108,9.99,1038.62,---,0.03,
9/19/2012,9081641522,QUALIFIED DIVIDEND (RGS),,RGS,,,7.68,---,,
9/25/2012,9100674290,Bought 12 CMG @ 330,12,CMG,330,9.99,-3969.99,---,,
10/5/2012,9152884535,ORDINARY DIVIDEND (AGG),,AGG,,,7.86,---,,
10/12/2012,9174902352,CLIENT REQUESTED ELECTRONIC FUNDING DISBURSEMENT (FUNDS NOW),,,,,-5610,---,,
10/16/2012,9184414716,Bought 125 DV @ 23,125,DV,23,9.99,-2884.99,---,,
10/29/2012,9218368055,ORDINARY DIVIDEND (NLY),,NLY,,,43.5,---,,
10/31/2012,9222679053,ORDINARY DIVIDEND (DX),,DX,,,30.74,---,,
10/31/2012,9224838536,Sold 7 AAPL @ 594.49,7,AAPL,594.49,9.99,4151.34,---,0.1,
11/5/2012,9250762290,CLIENT REQUESTED ELECTRONIC FUNDING DISBURSEMENT (FUNDS NOW),,,,,-1600,---,,
11/7/2012,9256817965,ORDINARY DIVIDEND (AGG),,AGG,,,9.22,---,,
11/13/2012,9274343960,Bought 1600 NROM @ 0.68,1600,NROM,0.68,9.99,-1097.99,---,,
11/23/2012,9304246363,QUALIFIED DIVIDEND (RGS),,RGS,,,7.68,---,,
11/28/2012,9316299853,Bought 95 SHFK @ 10.5,95,SHFK,10.5,9.99,-1007.49,---,,
12/3/2012,9339640903,QUALIFIED DIVIDEND (TEVA),,TEVA,,,21.18,---,,
12/3/2012,9339640904,FOREIGN TAX WITHHELD (TEVA),,TEVA,,,-4.39,---,,
12/4/2012,9341682964,QUALIFIED DIVIDEND (LMAT),,LMAT,,,7.5,---,,
12/7/2012,9355705642,SHORT TERM CAPITAL GAINS (AGG),,AGG,,,15.37,---,,
12/7/2012,9355707855,ORDINARY DIVIDEND (AGG),,AGG,,,8.45,---,,
12/7/2012,9355765373,LONG TERM GAIN DISTRIBUTION (AGG),,AGG,,,1.51,---,,
12/12/2012,9375145948,Sold 83 TEVA @ 39.41,83,TEVA,39.41,9.99,3260.96,---,0.08,
12/13/2012,9381444948,CLIENT REQUESTED ELECTRONIC FUNDING DISBURSEMENT (FUNDS NOW),,,,,-3000,---,,
12/13/2012,9381513577,CLIENT REQUESTED ELECTRONIC FUNDING DISBURSEMENT (FUNDS NOW),,,,,-800,---,,
12/19/2012,9406643359,QUALIFIED DIVIDEND (DV),,DV,,,21.25,---,,
12/31/2012,9466725042,MARGIN INTEREST ADJUSTMENT,,,,,-1.98,---,,
1/2/2013,9468616311,ORDINARY DIVIDEND (AGG),,AGG,,,8.75,---,,
1/29/2013,9569964857,ORDINARY DIVIDEND (NLY),,NLY,,,39.15,---,,
1/31/2013,9579093320,ORDINARY DIVIDEND (DX),,DX,,,30.74,---,,
2/1/2013,9598233282,Sold 128 RGS @ 18.1201,128,RGS,18.1201,9.99,2309.32,---,0.06,
2/1/2013,9598234500,Sold 87 NLY @ 14.8001,87,NLY,14.8001,9.99,1277.59,---,0.03,
2/1/2013,9598236285,Sold 85 LVB @ 22.4558,85,LVB,22.4558,9.99,1898.7,---,0.05,
2/1/2013,9598236622,Sold 300 LMAT @ 6.1802,300,LMAT,6.1802,9.99,1844.02,---,0.05,
2/1/2013,9598237574,Sold 106 DX @ 10.1602,106,DX,10.1602,9.99,1066.96,---,0.03,
2/1/2013,9598239517,Sold 12 CMG @ 312.6301,12,CMG,312.6301,9.99,3741.48,---,0.09,
2/1/2013,9598242118,Sold 38 AGG @ 110.0201,38,AGG,110.0201,0,4180.66,---,0.1,
2/1/2013,9598243140,Sold 125 DV @ 25.7102,125,DV,25.7102,9.99,3203.71,---,0.08,
2/1/2013,9598247908,Sold 750 AXANF @ 1.2721,750,AXANF,1.2721,9.99,944.06,---,0.03,
2/1/2013,9598250537,Bought 2400 NROM @ 1.04,2400,NROM,1.04,9.99,-2505.99,---,,
2/1/2013,9598259308,Bought 150 SHFK @ 11.3,150,SHFK,11.3,9.99,-1704.99,---,,
2/7/2013,9614200150,ORDINARY DIVIDEND (AGG),,AGG,,,8.04,---,,
4/1/2013,9805673057,Bought 1930 NROM @ 0.85,1930,NROM,0.85,9.99,-1650.49,---,,
4/4/2013,9825593133,Bought 225 CWGL @ 9.61,225,CWGL,9.61,9.99,-2172.24,---,,
4/22/2013,9882281183,Bought 1200 INFU @ 1.4799,1200,INFU,1.4799,9.99,-1785.87,---,,
5/15/2013,10017093301,Bought 1100 INFU @ 1.43,1100,INFU,1.43,9.99,-1582.99,---,,
5/22/2013,10042945006,CASH IN LIEU OF FRACTIONAL SHARES (STTYD),,STTYD,,,2.69,---,,
8/21/2013,10405066160,Bought 98 WBMD @ 31.6099,98,WBMD,31.6099,9.99,-3107.76,---,,
9/10/2013,10478155447,Sold 98 WBMD @ 33.16,98,WBMD,33.16,9.99,3239.63,---,0.06,
10/7/2013,10608359941,Bought 550 STRP @ 6.14,550,STRP,6.14,9.99,-3386.99,---,,
10/25/2013,10678092789,Sold 2000 NROM @ 1.52,2000,NROM,1.52,9.99,3029.95,---,0.06,
11/5/2013,10734486017,CLIENT REQUESTED ELECTRONIC FUNDING DISBURSEMENT (FUNDS NOW),,,,,-8500,---,,
11/27/2013,10812348149,Sold 200 AXANF @ 2.3591,200,AXANF,2.3591,9.99,461.82,---,0.01,
11/27/2013,10812348154,Sold 100 AXANF @ 2.3382,100,AXANF,2.3382,0,233.81,---,0.01,
11/27/2013,10812348157,Sold 2450 AXANF @ 2.3375,2450,AXANF,2.3375,0,5726.78,---,0.1,
11/27/2013,10812083324,Sold 1470 NROM @ 1.62,1470,NROM,1.62,9.99,2371.36,---,0.05,
12/9/2013,10863261774,CLIENT REQUESTED ELECTRONIC FUNDING DISBURSEMENT (FUNDS NOW),,,,,-2500,---,,
12/10/2013,10870665774,Sold 45 SHFK @ 20.51,45,SHFK,20.51,9.99,912.94,---,0.02,
2/25/2014,11219584337,Sold 1150 INFU @ 2.9002,1150,INFU,2.9002,9.99,3325.18,---,0.06,
2/25/2014,11219587192,Bought 2000 AMZKF @ 2.193,2000,AMZKF,2.193,9.99,-4395.99,---,,
2/28/2014,11235023642,Bought 975 SPGZ @ 2.96,975,SPGZ,2.96,9.99,-2895.99,---,,
3/3/2014,11252656127,Sold 225 CWGL @ 8.02,225,CWGL,8.02,9.99,1794.47,---,0.04,
4/7/2014,11446174798,Bought 2800 PRXI @ 0.8999,2800,PRXI,0.8999,9.99,-2529.71,---,,
4/17/2014,11495405102,Sold 200 PRXI @ 0.8302,200,PRXI,0.8302,9.99,156.04,---,0.01,
4/17/2014,11495405105,Sold 100 PRXI @ 0.8301,100,PRXI,0.8301,0,83,---,0.01,
4/17/2014,11495242204,Sold 2500 PRXI @ 0.81,2500,PRXI,0.81,9.99,2014.99,---,0.05,
5/14/2014,11600631305,Sold 550 STRP @ 8.2401,550,STRP,8.2401,9.99,4521.96,---,0.11,
6/5/2014,11688005890,QUALIFIED DIVIDEND (AMZKF),,AMZKF,,,109.58,---,,
6/5/2014,11688005891,FOREIGN TAX WITHHELD (AMZKF),,AMZKF,,,-27.39,---,,
6/17/2014,11736307758,Sold 975 @ 0.65,975,SPGZ,0.65,,633.75,---,,
8/11/2014,11973473995,Sold 2460 NROM @ 1.76,2460,NROM,1.76,7,4322.5,---,0.1,
9/4/2014,12069681414,QUALIFIED DIVIDEND (AMZKF),,AMZKF,,,110.53,---,,
9/4/2014,12069681415,FOREIGN TAX WITHHELD (AMZKF),,AMZKF,,,-27.63,---,,
10/8/2014,12230819495,Bought 7500 GLGI @ 0.427,7500,GLGI,0.427,7,-3209.5,---,,
10/16/2014,12267513732,Sold 1000 GLGI @ 0.38,1000,GLGI,0.38,7,372.99,---,0.01,
10/16/2014,12267513734,Sold 6500 GLGI @ 0.379,6500,GLGI,0.379,0,2463.44,---,0.06,
10/20/2014,12278931779,Bought 92 CTO @ 48.96,92,CTO,48.96,7,-4511.32,---,,
11/25/2014,12424178695,QUALIFIED DIVIDEND (CTO),,CTO,,,3.68,---,,
2/23/2015,12844851143,Sold 100 AMZKF @ 1.743,100,AMZKF,1.743,7,167.29,---,0.01,
2/23/2015,12844851147,Sold 1900 AMZKF @ 1.74,1900,AMZKF,1.74,0,3305.93,---,0.07,
2/23/2015,12844920239,Bought 1000 NAUH @ 3.2887,1000,NAUH,3.2887,7,-3295.7,---,,
3/9/2015,12914893981,Bought 500 NAUH @ 3.3999,500,NAUH,3.3999,7,-1706.95,---,,
3/27/2015,12999029681,Bought 200 PW @ 8.95,200,PW,8.95,7,-1797,---,,
3/30/2015,13006164665,Bought 2500 PKTEF @ 0.4,2500,PKTEF,0.4,7,-1007,---,,
3/30/2015,13006164674,Bought 2500 PKTEF @ 0.399,2500,PKTEF,0.399,0,-997.5,---,,
4/16/2015,13097764837,Sold 1150 INFU @ 3.11,1150,INFU,3.11,7,3569.43,---,0.07,
4/17/2015,13099969758,QUALIFIED DIVIDEND (NAUH),,NAUH,,,67.5,---,,
4/21/2015,13122884587,Bought 750 PRSS @ 3.9997,750,PRSS,3.9997,7,-3006.78,---,,
5/4/2015,13189506795,Bought 80 USAK @ 25.55,80,USAK,25.55,7,-2051,---,,
5/4/2015,13189743721,Bought 2000 AXLE @ 0.465,2000,AXLE,0.465,7,-937,---,,
5/27/2015,13269553189,QUALIFIED DIVIDEND (CTO),,CTO,,,3.68,---,,
5/27/2015,13272057283,Sold 750 PRSS @ 4.5,750,PRSS,4.5,7,3367.93,---,0.07,
7/10/2015,13484004856,QUALIFIED DIVIDEND (NAUH),,NAUH,,,67.5,---,,
9/1/2015,13714432311,QUALIFIED DIVIDEND (SHFK),,SHFK,,,468,---,,
9/8/2015,13748051918,Sold 1500 NAUH @ 2.7905,1500,NAUH,2.7905,7,4178.67,---,0.08,
9/24/2015,13813781862,Bought 8000 PKTEF @ 0.335,8000,PKTEF,0.335,7,-2687,---,,
10/6/2015,13890300604,Bought 100 USAK @ 18.939,100,USAK,18.939,7,-1900.9,---,,
11/9/2015,14039344430,Bought 100 ORM @ 14.2,100,ORM,14.2,7,-1427,---,,
11/30/2015,14108486335,QUALIFIED DIVIDEND (CTO),,CTO,,,3.68,---,,
12/1/2015,14120834387,QUALIFIED DIVIDEND (SHFK),,SHFK,,,468,---,,
1/4/2016,14308810092,Sold 200 SHFK @ 31.51,200,SHFK,31.51,7,6294.88,---,0.12,
1/13/2016,14360022857,ORDINARY DIVIDEND (ORM),,ORM,,,8,---,,
